[{"model": "auth.permission", "pk": 1, "fields": {"name": "Can add log entry", "content_type": 1, "codename": "add_logentry"}}, {"model": "auth.permission", "pk": 2, "fields": {"name": "Can change log entry", "content_type": 1, "codename": "change_logentry"}}, {"model": "auth.permission", "pk": 3, "fields": {"name": "Can delete log entry", "content_type": 1, "codename": "delete_logentry"}}, {"model": "auth.permission", "pk": 4, "fields": {"name": "Can view log entry", "content_type": 1, "codename": "view_logentry"}}, {"model": "auth.permission", "pk": 5, "fields": {"name": "Can add permission", "content_type": 2, "codename": "add_permission"}}, {"model": "auth.permission", "pk": 6, "fields": {"name": "Can change permission", "content_type": 2, "codename": "change_permission"}}, {"model": "auth.permission", "pk": 7, "fields": {"name": "Can delete permission", "content_type": 2, "codename": "delete_permission"}}, {"model": "auth.permission", "pk": 8, "fields": {"name": "Can view permission", "content_type": 2, "codename": "view_permission"}}, {"model": "auth.permission", "pk": 9, "fields": {"name": "Can add group", "content_type": 3, "codename": "add_group"}}, {"model": "auth.permission", "pk": 10, "fields": {"name": "Can change group", "content_type": 3, "codename": "change_group"}}, {"model": "auth.permission", "pk": 11, "fields": {"name": "Can delete group", "content_type": 3, "codename": "delete_group"}}, {"model": "auth.permission", "pk": 12, "fields": {"name": "Can view group", "content_type": 3, "codename": "view_group"}}, {"model": "auth.permission", "pk": 13, "fields": {"name": "Can add user", "content_type": 4, "codename": "add_user"}}, {"model": "auth.permission", "pk": 14, "fields": {"name": "Can change user", "content_type": 4, "codename": "change_user"}}, {"model": "auth.permission", "pk": 15, "fields": {"name": "Can delete user", "content_type": 4, "codename": "delete_user"}}, {"model": "auth.permission", "pk": 16, "fields": {"name": "Can view user", "content_type": 4, "codename": "view_user"}}, {"model": "auth.permission", "pk": 17, "fields": {"name": "Can add content type", "content_type": 5, "codename": "add_contenttype"}}, {"model": "auth.permission", "pk": 18, "fields": {"name": "Can change content type", "content_type": 5, "codename": "change_contenttype"}}, {"model": "auth.permission", "pk": 19, "fields": {"name": "Can delete content type", "content_type": 5, "codename": "delete_contenttype"}}, {"model": "auth.permission", "pk": 20, "fields": {"name": "Can view content type", "content_type": 5, "codename": "view_contenttype"}}, {"model": "auth.permission", "pk": 21, "fields": {"name": "Can add session", "content_type": 6, "codename": "add_session"}}, {"model": "auth.permission", "pk": 22, "fields": {"name": "Can change session", "content_type": 6, "codename": "change_session"}}, {"model": "auth.permission", "pk": 23, "fields": {"name": "Can delete session", "content_type": 6, "codename": "delete_session"}}, {"model": "auth.permission", "pk": 24, "fields": {"name": "Can view session", "content_type": 6, "codename": "view_session"}}, {"model": "auth.permission", "pk": 25, "fields": {"name": "Can add \u041e\u0442\u0437\u044b\u0432\u044b \u043e\u0431 \u043e\u0431\u0443\u0447\u0435\u043d\u0438\u0438", "content_type": 7, "codename": "add_feedback"}}, {"model": "auth.permission", "pk": 26, "fields": {"name": "Can change \u041e\u0442\u0437\u044b\u0432\u044b \u043e\u0431 \u043e\u0431\u0443\u0447\u0435\u043d\u0438\u0438", "content_type": 7, "codename": "change_feedback"}}, {"model": "auth.permission", "pk": 27, "fields": {"name": "Can delete \u041e\u0442\u0437\u044b\u0432\u044b \u043e\u0431 \u043e\u0431\u0443\u0447\u0435\u043d\u0438\u0438", "content_type": 7, "codename": "delete_feedback"}}, {"model": "auth.permission", "pk": 28, "fields": {"name": "Can view \u041e\u0442\u0437\u044b\u0432\u044b \u043e\u0431 \u043e\u0431\u0443\u0447\u0435\u043d\u0438\u0438", "content_type": 7, "codename": "view_feedback"}}, {"model": "auth.permission", "pk": 29, "fields": {"name": "Can add answers", "content_type": 8, "codename": "add_answers"}}, {"model": "auth.permission", "pk": 30, "fields": {"name": "Can change answers", "content_type": 8, "codename": "change_answers"}}, {"model": "auth.permission", "pk": 31, "fields": {"name": "Can delete answers", "content_type": 8, "codename": "delete_answers"}}, {"model": "auth.permission", "pk": 32, "fields": {"name": "Can view answers", "content_type": 8, "codename": "view_answers"}}, {"model": "auth.permission", "pk": 33, "fields": {"name": "Can add teacher", "content_type": 9, "codename": "add_teacher"}}, {"model": "auth.permission", "pk": 34, "fields": {"name": "Can change teacher", "content_type": 9, "codename": "change_teacher"}}, {"model": "auth.permission", "pk": 35, "fields": {"name": "Can delete teacher", "content_type": 9, "codename": "delete_teacher"}}, {"model": "auth.permission", "pk": 36, "fields": {"name": "Can view teacher", "content_type": 9, "codename": "view_teacher"}}, {"model": "auth.permission", "pk": 37, "fields": {"name": "Can add questions", "content_type": 10, "codename": "add_questions"}}, {"model": "auth.permission", "pk": 38, "fields": {"name": "Can change questions", "content_type": 10, "codename": "change_questions"}}, {"model": "auth.permission", "pk": 39, "fields": {"name": "Can delete questions", "content_type": 10, "codename": "delete_questions"}}, {"model": "auth.permission", "pk": 40, "fields": {"name": "Can view questions", "content_type": 10, "codename": "view_questions"}}, {"model": "feedback.teacher", "pk": 1, "fields": {"name": "\u0422\u0440\u044f\u0441\u0438\u043b\u043e \u042d\u0434\u0443\u0430\u0440\u0434 \u0421\u0442\u0430\u043d\u0438\u0441\u043b\u0430\u0432\u043e\u0432\u0438\u0447"}}, {"model": "feedback.teacher", "pk": 2, "fields": {"name": "\u0413\u043e\u0440\u0431\u0443\u043d\u043e\u0432 \u042d\u0440\u0438\u043a \u041b\u044c\u0432\u043e\u0432\u0438\u0447"}}, {"model": "feedback.teacher", "pk": 3, "fields": {"name": "\u041a\u0430\u0431\u0430\u043d\u043e\u0432 \u0424\u0451\u0434\u043e\u0440 \u0410\u043b\u0435\u043a\u0441\u0430\u043d\u0434\u0440\u043e\u0432\u0438\u0447"}}, {"model": "feedback.teacher", "pk": 4, "fields": {"name": "\u0414\u043c\u0438\u0442\u0440\u0438\u0435\u0432 \u041d\u0438\u043a\u043e\u043b\u0430\u0439 \u0418\u0432\u0430\u043d\u043e\u0432\u0438\u0447"}}, {"model": "feedback.teacher", "pk": 5, "fields": {"name": "\u041a\u0440\u044e\u043a\u043e\u0432\u0430 \u0424\u0430\u0438\u043d\u0430 \u0420\u043e\u043c\u0430\u043d\u043e\u0432\u043d\u0430"}}, {"model": "feedback.teacher", "pk": 6, "fields": {"name": "\u0421\u0430\u0437\u043e\u043d\u043e\u0432 \u0421\u043f\u0430\u0440\u0442\u0430\u043a \u0414\u043c\u0438\u0442\u0440\u0438\u0435\u0432\u0438\u0447"}}, {"model": "feedback.teacher", "pk": 7, "fields": {"name": "\u0421\u043a\u043b\u044f\u0440\u0435\u043d\u043a\u043e \u0419\u043e\u043c\u0435\u0440 \u0414\u0430\u043d\u0438\u043b\u043e\u0432\u0438\u0447"}}, {"model": "feedback.teacher", "pk": 8, "fields": {"name": "\u0412\u043e\u0440\u043e\u043d\u043e\u0432 \u042f\u0440\u043e\u043c\u0438\u0440 \u0410\u043b\u0435\u043a\u0441\u0435\u0435\u0432\u0438\u0447"}}, {"model": "feedback.teacher", "pk": 9, "fields": {"name": "\u0418\u0432\u0430\u043d\u0435\u043d\u043a\u043e \u0423\u043b\u044c\u044f\u043d\u0430 \u041c\u0430\u043a\u0441\u0438\u043c\u043e\u0432\u043d\u0430"}}, {"model": "feedback.teacher", "pk": 10, "fields": {"name": "\u041c\u0430\u0439\u0431\u043e\u0440\u043e\u0434\u0430 \u041f\u0435\u043b\u0430\u0433\u0435\u044f \u0411\u043e\u0440\u0438\u0441\u043e\u0432\u043d\u0430"}}, {"model": "feedback.teacher", "pk": 11, "fields": {"name": "\u041a\u0440\u0430\u0441\u0438\u043b\u044c\u043d\u0438\u043a\u043e\u0432 \u041e\u043b\u0435\u0433 \u0412\u0438\u0442\u0430\u043b\u0438\u0435\u0432\u0438\u0447"}}, {"model": "feedback.teacher", "pk": 12, "fields": {"name": "\u0415\u0440\u0448\u043e\u0432 \u0422\u0440\u043e\u0444\u0438\u043c \u041c\u0438\u0445\u0430\u0439\u043b\u043e\u0432\u0438\u0447"}}, {"model": "feedback.teacher", "pk": 13, "fields": {"name": "\u0421\u043a\u043b\u044f\u0440\u0435\u043d\u043a\u043e \u0426\u0438\u0446\u0435\u0440\u043e\u043d \u0412\u0438\u043a\u0442\u043e\u0440\u043e\u0432\u0438\u0447"}}, {"model": "feedback.questions", "pk": 1, "fields": {"question": "\u041d\u0430 \u0441\u043a\u043e\u043b\u044c\u043a\u043e \u0432\u0430\u043c \u0438\u043d\u0442\u0435\u0440\u0435\u0441\u0435\u043d \u043f\u0440\u0435\u0434\u043c\u0435\u0442?", "teacher": 1}}, {"model": "feedback.questions", "pk": 2, "fields": {"question": "\u041d\u0430 \u0441\u043a\u043e\u043b\u044c\u043a\u043e \u0432\u0430\u043c \u043f\u043e\u043d\u044f\u0442\u0435\u043d \u043c\u0430\u0442\u0435\u0440\u0438\u0430\u043b?", "teacher": 1}}, {"model": "feedback.questions", "pk": 3, "fields": {"question": "\u041d\u0430 \u0441\u043a\u043e\u043b\u044c\u043a\u043e \u0432\u0430\u043c \u043f\u0440\u0438\u0433\u043e\u0434\u044f\u0442\u0441\u044f \u044d\u0442\u0438 \u0437\u043d\u0430\u043d\u0438\u044f?", "teacher": 1}}, {"model": "feedback.questions", "pk": 4, "fields": {"question": "\u041d\u0430 \u0441\u043a\u043e\u043b\u044c\u043a\u043e \u0432\u0430\u043c \u0438\u043d\u0442\u0435\u0440\u0435\u0441\u0435\u043d \u043f\u0440\u0435\u0434\u043c\u0435\u0442?", "teacher": 2}}, {"model": "feedback.questions", "pk": 5, "fields": {"question": "\u041d\u0430 \u0441\u043a\u043e\u043b\u044c\u043a\u043e \u0432\u0430\u043c \u043f\u043e\u043d\u044f\u0442\u0435\u043d \u043c\u0430\u0442\u0435\u0440\u0438\u0430\u043b?", "teacher": 2}}, {"model": "feedback.questions", "pk": 6, "fields": {"question": "\u041d\u0430 \u0441\u043a\u043e\u043b\u044c\u043a\u043e \u0432\u0430\u043c \u043f\u0440\u0438\u0433\u043e\u0434\u044f\u0442\u0441\u044f \u044d\u0442\u0438 \u0437\u043d\u0430\u043d\u0438\u044f?", "teacher": 2}}, {"model": "feedback.questions", "pk": 7, "fields": {"question": "\u041d\u0430 \u0441\u043a\u043e\u043b\u044c\u043a\u043e \u0432\u0430\u043c \u0438\u043d\u0442\u0435\u0440\u0435\u0441\u0435\u043d \u043f\u0440\u0435\u0434\u043c\u0435\u0442?", "teacher": 3}}, {"model": "feedback.questions", "pk": 8, "fields": {"question": "\u041d\u0430 \u0441\u043a\u043e\u043b\u044c\u043a\u043e \u0432\u0430\u043c \u043f\u043e\u043d\u044f\u0442\u0435\u043d \u043c\u0430\u0442\u0435\u0440\u0438\u0430\u043b?", "teacher": 3}}, {"model": "feedback.questions", "pk": 9, "fields": {"question": "\u041d\u0430 \u0441\u043a\u043e\u043b\u044c\u043a\u043e \u0432\u0430\u043c \u043f\u0440\u0438\u0433\u043e\u0434\u044f\u0442\u0441\u044f \u044d\u0442\u0438 \u0437\u043d\u0430\u043d\u0438\u044f?", "teacher": 3}}, {"model": "feedback.questions", "pk": 10, "fields": {"question": "\u041d\u0430 \u0441\u043a\u043e\u043b\u044c\u043a\u043e \u0432\u0430\u043c \u0438\u043d\u0442\u0435\u0440\u0435\u0441\u0435\u043d \u043f\u0440\u0435\u0434\u043c\u0435\u0442?", "teacher": 4}}, {"model": "feedback.questions", "pk": 11, "fields": {"question": "\u041d\u0430 \u0441\u043a\u043e\u043b\u044c\u043a\u043e \u0432\u0430\u043c \u043f\u043e\u043d\u044f\u0442\u0435\u043d \u043c\u0430\u0442\u0435\u0440\u0438\u0430\u043b?", "teacher": 4}}, {"model": "feedback.questions", "pk": 12, "fields": {"question": "\u041d\u0430 \u0441\u043a\u043e\u043b\u044c\u043a\u043e \u0432\u0430\u043c \u043f\u0440\u0438\u0433\u043e\u0434\u044f\u0442\u0441\u044f \u044d\u0442\u0438 \u0437\u043d\u0430\u043d\u0438\u044f?", "teacher": 4}}, {"model": "feedback.questions", "pk": 13, "fields": {"question": "\u041d\u0430 \u0441\u043a\u043e\u043b\u044c\u043a\u043e \u0432\u0430\u043c \u0438\u043d\u0442\u0435\u0440\u0435\u0441\u0435\u043d \u043f\u0440\u0435\u0434\u043c\u0435\u0442?", "teacher": 5}}, {"model": "feedback.questions", "pk": 14, "fields": {"question": "\u041d\u0430 \u0441\u043a\u043e\u043b\u044c\u043a\u043e \u0432\u0430\u043c \u043f\u043e\u043d\u044f\u0442\u0435\u043d \u043c\u0430\u0442\u0435\u0440\u0438\u0430\u043b?", "teacher": 5}}, {"model": "feedback.questions", "pk": 15, "fields": {"question": "\u041d\u0430 \u0441\u043a\u043e\u043b\u044c\u043a\u043e \u0432\u0430\u043c \u043f\u0440\u0438\u0433\u043e\u0434\u044f\u0442\u0441\u044f \u044d\u0442\u0438 \u0437\u043d\u0430\u043d\u0438\u044f?", "teacher": 5}}, {"model": "feedback.questions", "pk": 16, "fields": {"question": "\u041d\u0430 \u0441\u043a\u043e\u043b\u044c\u043a\u043e \u0432\u0430\u043c \u0438\u043d\u0442\u0435\u0440\u0435\u0441\u0435\u043d \u043f\u0440\u0435\u0434\u043c\u0435\u0442?", "teacher": 6}}, {"model": "feedback.questions", "pk": 17, "fields": {"question": "\u041d\u0430 \u0441\u043a\u043e\u043b\u044c\u043a\u043e \u0432\u0430\u043c \u043f\u043e\u043d\u044f\u0442\u0435\u043d \u043c\u0430\u0442\u0435\u0440\u0438\u0430\u043b?", "teacher": 6}}, {"model": "feedback.questions", "pk": 18, "fields": {"question": "\u041d\u0430 \u0441\u043a\u043e\u043b\u044c\u043a\u043e \u0432\u0430\u043c \u043f\u0440\u0438\u0433\u043e\u0434\u044f\u0442\u0441\u044f \u044d\u0442\u0438 \u0437\u043d\u0430\u043d\u0438\u044f?", "teacher": 6}}, {"model": "feedback.questions", "pk": 19, "fields": {"question": "\u041d\u0430 \u0441\u043a\u043e\u043b\u044c\u043a\u043e \u0432\u0430\u043c \u0438\u043d\u0442\u0435\u0440\u0435\u0441\u0435\u043d \u043f\u0440\u0435\u0434\u043c\u0435\u0442?", "teacher": 7}}, {"model": "feedback.questions", "pk": 20, "fields": {"question": "\u041d\u0430 \u0441\u043a\u043e\u043b\u044c\u043a\u043e \u0432\u0430\u043c \u043f\u043e\u043d\u044f\u0442\u0435\u043d \u043c\u0430\u0442\u0435\u0440\u0438\u0430\u043b?", "teacher": 7}}, {"model": "feedback.questions", "pk": 21, "fields": {"question": "\u041d\u0430 \u0441\u043a\u043e\u043b\u044c\u043a\u043e \u0432\u0430\u043c \u043f\u0440\u0438\u0433\u043e\u0434\u044f\u0442\u0441\u044f \u044d\u0442\u0438 \u0437\u043d\u0430\u043d\u0438\u044f?", "teacher": 7}}, {"model": "feedback.questions", "pk": 22, "fields": {"question": "\u041d\u0430 \u0441\u043a\u043e\u043b\u044c\u043a\u043e \u0432\u0430\u043c \u0438\u043d\u0442\u0435\u0440\u0435\u0441\u0435\u043d \u043f\u0440\u0435\u0434\u043c\u0435\u0442?", "teacher": 8}}, {"model": "feedback.questions", "pk": 23, "fields": {"question": "\u041d\u0430 \u0441\u043a\u043e\u043b\u044c\u043a\u043e \u0432\u0430\u043c \u043f\u043e\u043d\u044f\u0442\u0435\u043d \u043c\u0430\u0442\u0435\u0440\u0438\u0430\u043b?", "teacher": 8}}, {"model": "feedback.questions", "pk": 24, "fields": {"question": "\u041d\u0430 \u0441\u043a\u043e\u043b\u044c\u043a\u043e \u0432\u0430\u043c \u043f\u0440\u0438\u0433\u043e\u0434\u044f\u0442\u0441\u044f \u044d\u0442\u0438 \u0437\u043d\u0430\u043d\u0438\u044f?", "teacher": 8}}, {"model": "feedback.questions", "pk": 25, "fields": {"question": "\u041d\u0430 \u0441\u043a\u043e\u043b\u044c\u043a\u043e \u0432\u0430\u043c \u0438\u043d\u0442\u0435\u0440\u0435\u0441\u0435\u043d \u043f\u0440\u0435\u0434\u043c\u0435\u0442?", "teacher": 9}}, {"model": "feedback.questions", "pk": 26, "fields": {"question": "\u041d\u0430 \u0441\u043a\u043e\u043b\u044c\u043a\u043e \u0432\u0430\u043c \u043f\u043e\u043d\u044f\u0442\u0435\u043d \u043c\u0430\u0442\u0435\u0440\u0438\u0430\u043b?", "teacher": 9}}, {"model": "feedback.questions", "pk": 27, "fields": {"question": "\u041d\u0430 \u0441\u043a\u043e\u043b\u044c\u043a\u043e \u0432\u0430\u043c \u043f\u0440\u0438\u0433\u043e\u0434\u044f\u0442\u0441\u044f \u044d\u0442\u0438 \u0437\u043d\u0430\u043d\u0438\u044f?", "teacher": 9}}, {"model": "feedback.questions", "pk": 28, "fields": {"question": "\u041d\u0430 \u0441\u043a\u043e\u043b\u044c\u043a\u043e \u0432\u0430\u043c \u0438\u043d\u0442\u0435\u0440\u0435\u0441\u0435\u043d \u043f\u0440\u0435\u0434\u043c\u0435\u0442?", "teacher": 10}}, {"model": "feedback.questions", "pk": 29, "fields": {"question": "\u041d\u0430 \u0441\u043a\u043e\u043b\u044c\u043a\u043e \u0432\u0430\u043c \u043f\u043e\u043d\u044f\u0442\u0435\u043d \u043c\u0430\u0442\u0435\u0440\u0438\u0430\u043b?", "teacher": 10}}, {"model": "feedback.questions", "pk": 30, "fields": {"question": "\u041d\u0430 \u0441\u043a\u043e\u043b\u044c\u043a\u043e \u0432\u0430\u043c \u043f\u0440\u0438\u0433\u043e\u0434\u044f\u0442\u0441\u044f \u044d\u0442\u0438 \u0437\u043d\u0430\u043d\u0438\u044f?", "teacher": 10}}, {"model": "feedback.questions", "pk": 31, "fields": {"question": "\u041d\u0430 \u0441\u043a\u043e\u043b\u044c\u043a\u043e \u0432\u0430\u043c \u0438\u043d\u0442\u0435\u0440\u0435\u0441\u0435\u043d \u043f\u0440\u0435\u0434\u043c\u0435\u0442?", "teacher": 11}}, {"model": "feedback.questions", "pk": 32, "fields": {"question": "\u041d\u0430 \u0441\u043a\u043e\u043b\u044c\u043a\u043e \u0432\u0430\u043c \u043f\u043e\u043d\u044f\u0442\u0435\u043d \u043c\u0430\u0442\u0435\u0440\u0438\u0430\u043b?", "teacher": 11}}, {"model": "feedback.questions", "pk": 33, "fields": {"question": "\u041d\u0430 \u0441\u043a\u043e\u043b\u044c\u043a\u043e \u0432\u0430\u043c \u043f\u0440\u0438\u0433\u043e\u0434\u044f\u0442\u0441\u044f \u044d\u0442\u0438 \u0437\u043d\u0430\u043d\u0438\u044f?", "teacher": 11}}, {"model": "feedback.questions", "pk": 34, "fields": {"question": "\u041d\u0430 \u0441\u043a\u043e\u043b\u044c\u043a\u043e \u0432\u0430\u043c \u0438\u043d\u0442\u0435\u0440\u0435\u0441\u0435\u043d \u043f\u0440\u0435\u0434\u043c\u0435\u0442?", "teacher": 12}}, {"model": "feedback.questions", "pk": 35, "fields": {"question": "\u041d\u0430 \u0441\u043a\u043e\u043b\u044c\u043a\u043e \u0432\u0430\u043c \u043f\u043e\u043d\u044f\u0442\u0435\u043d \u043c\u0430\u0442\u0435\u0440\u0438\u0430\u043b?", "teacher": 12}}, {"model": "feedback.questions", "pk": 36, "fields": {"question": "\u041d\u0430 \u0441\u043a\u043e\u043b\u044c\u043a\u043e \u0432\u0430\u043c \u043f\u0440\u0438\u0433\u043e\u0434\u044f\u0442\u0441\u044f \u044d\u0442\u0438 \u0437\u043d\u0430\u043d\u0438\u044f?", "teacher": 12}}, {"model": "feedback.questions", "pk": 37, "fields": {"question": "\u041d\u0430 \u0441\u043a\u043e\u043b\u044c\u043a\u043e \u0432\u0430\u043c \u0438\u043d\u0442\u0435\u0440\u0435\u0441\u0435\u043d \u043f\u0440\u0435\u0434\u043c\u0435\u0442?", "teacher": 13}}, {"model": "feedback.questions", "pk": 38, "fields": {"question": "\u041d\u0430 \u0441\u043a\u043e\u043b\u044c\u043a\u043e \u0432\u0430\u043c \u043f\u043e\u043d\u044f\u0442\u0435\u043d \u043c\u0430\u0442\u0435\u0440\u0438\u0430\u043b?", "teacher": 13}}, {"model": "feedback.questions", "pk": 39, "fields": {"question": "\u041d\u0430 \u0441\u043a\u043e\u043b\u044c\u043a\u043e \u0432\u0430\u043c \u043f\u0440\u0438\u0433\u043e\u0434\u044f\u0442\u0441\u044f \u044d\u0442\u0438 \u0437\u043d\u0430\u043d\u0438\u044f?", "teacher": 13}}, {"model": "feedback.feedback", "pk": 1, "fields": {"date": "2020-02-29T11:50:54.647Z", "text": "\u0422\u0435\u0441\u0442\u043e\u0432\u0430\u044f \u0437\u0430\u043f\u0438\u0441\u044c", "rate": 0, "status": 2}}, {"model": "feedback.feedback", "pk": 2, "fields": {"date": "2020-02-29T11:51:03.593Z", "text": "\u0422\u0435\u0441\u0442\u043e\u0432\u0430\u044f \u0437\u0430\u043f\u0438\u0441\u044c 2", "rate": 0, "status": 0}}, {"model": "feedback.feedback", "pk": 3, "fields": {"date": "2020-02-29T12:54:13.567Z", "text": "test", "rate": 0, "status": 0}}, {"model": "feedback.feedback", "pk": 4, "fields": {"date": "2020-02-29T12:55:59.788Z", "text": "test", "rate": 0, "status": 0}}, {"model": "feedback.feedback", "pk": 5, "fields": {"date": "2020-02-29T12:56:42.790Z", "text": "test", "rate": 0, "status": 0}}]